2017,Tua,Tagovailoa,4,0.9820,73,212, HI,Honolulu, St. Louis
2017,Tate,Martell,4,0.9710,70,203, NV,Las Vegas, Bishop Gorman
2017,Kellen,Mond,4,0.9533,74,201, FL,Bradenton, IMG Academy
2017,Sam,Ehlinger,4,0.9476,73,215, TX,Austin, Westlake
2017,Keytaon,Thompson,4,0.9289,76,225, LA,New Orleans, Landry-Walker
2017,Shawn,Robinson,4,0.9241,74,215, TX,DeSoto, DeSoto
2017,N'Kosi,Perry,4,0.9235,75,176, FL,Ocala, Vanguard
2017,Avery,Davis,4,0.9110,71,192, TX,Cedar Hill, Cedar Hill
2017,Lowell,Narcisse,4,0.9041,74,224, LA,Saint James, St. James
2017,Braxton,Burmeister,4,0.8941,72,196, CA,La Jolla, La Jolla Country Day
2017,Hendon,Hooker,4,0.8923,76,204, NC,Greensboro, Dudley
2017,Xavier,Martin,3,0.8644,72,180, TX,Cibolo, Steele
2017,Rocky,Lombardi,3,0.8641,75,215, IA,West Des Moines, Valley
2017,Peyton,Mansell,3,0.8581,74,189, TX,Belton, Belton
2017,Jay,Urich,3,0.8565,76,196, SC,Piedmont, Wren
2017,Johnathan,Lewis,3,0.8559,75,225, NJ,Jersey City, St. Peters Prep
2017,Jason,Shelley,3,0.8519,72,178, TX,Frisco, Lone Star
2017,Darriel,Mack,3,0.8478,75,205, VA,Norfolk, Norview
2017,Devon,Moore,3,0.8469,76,221, IA,Waterloo, West
2017,Walker,Wood,3,0.8453,73,187, KY,Lexington, Lafayette
2017,Jairus,Grissom,3,0.8453,74,204, MI,Dearborn Heights, River Rouge
2017,Justice,McCoy,3,0.8422,73,180, LA,New Orleans, St. Augustine
2017,Kingsley,Ifedi,3,0.8379,75,210, NC,Charlotte, Zebulon B. Vance
2017,Bryson,Smith,3,0.8379,72,170, TX,Tyler, John Tyler
2017,Tayvon,Bowers,3,0.8349,73,215, PA,Harrisburg, Bishop McDevitt
2017,Griffin,Alstott,3,0.8343,74,200, FL,Saint Petersburg, Northside Christian School
2017,Kaymen,Cureton,3,0.8339,74,194, CA,Lawndale, Leuzinger
2017,Cam,Thomas,3,0.8333,74,181, IL,Chicago Heights, Marian Catholic
2017,Will,McBride,3,0.8270,73,190, TX,League City, Clear Springs
2017,Nick,Tronti,3,0.8251,74,215, FL,Ponte Vedra Beach, Ponte Vedra
2017,Jamaal,Evans,3,0.8248,73,206, NV,Las Vegas, Centennial
2017,Seth,Washington,3,0.8242,74,195, TX,Dallas, Episcopal School of Dallas
2017,Malcolm,Rodriguez,3,0.8235,71,190, OK,Wagoner, Wagoner
2017,Brandon,George,3,0.8222,74,191, OK,Jones, Jones
2017,Ryan,Glover,3,0.8207,73,190, GA,Atlanta, Woodward Academy
2017,Jeremiah,Oatsvall,3,0.8194,72,192, TN,Brentwood, Brentwood Academy
2017,Jaylen,Gipson,3,0.8157,74,193, TX,Mexia, Mexia
2017,Dylan,Lemle,3,0.8156,73,170, CA,Los Angeles, Hawkins
2017,Z'Khari,Blocker,3,0.8156,73,185, FL,Pensacola, Pensacola Catholic
2017,Rhett,Rodriguez,3,0.8150,73,165, AZ,Tucson, Catalina Foothills
2017,Shon,Mitchell,3,0.8133,71,170, VA,Chesapeake, Oscar Smith
2017,Dewayne,Betts,3,0.8122,74,205, TN,Memphis, KIPP Memphis
2017,Mitchell,Jonke,3,0.8115,72,180, TX,Allen, Allen
2017,La'andre,Thomas,3,0.8098,72,167, MS,Jackson, Wingfield
2017,Marckell,Grayson,3,0.8081,73,195, NV,Las Vegas, Desert Pines
2017,Marvin,Washington,3,0.8079,74,195, FL,Orlando, Dr. Phillips
2017,Isaiah,Green,3,0.8074,74,190, GA,Fairburn, Langston Hughes
2017,Kamron,Fields,3,0.8067,75,185, TX,Garland, Lakeview Centennial
2017,Noah,Vedral,3,0.8058,74,184, NE,Wahoo, Bishop Neumann
2017,Evan,Michalet,3,0.8048,71,172, CA,Rocklin, Rocklin
2017,Jeremy,Hodge,3,0.8048,74,201, TX,Dallas, Parish Episcopal School
2017,Jalani,Eason,3,0.8048,69,168, CA,Gardena, Junipero Serra
2017,Austin,Upshaw,3,0.8031,73,188, TX,La Porte, La Porte
2017,Gage,Moloney,3,0.8026,74,210, SC,Rock Hill, Northwestern
2017,Rodney,Hall,3,0.8007,74,210, MI,Detroit, Cass Technical
2017,Tyger,Goslin,3,0.7985,70,190, CA,Chatsworth, Chatsworth Senior
2017,Christian,Anderson,3,0.7983,73,180, NY,Bronx, Cardinal Hayes
2017,Kaylan,Wiggins,3,0.7969,75,200, FL,Sanford, Seminole
2017,Dominique,Robinson,2,0.7926,76,210, OH,Canton, McKinley
2017,Willie,Jones,2,0.7893,76,185, TX,Silsbee, Silsbee
2017,Cephus,Johnson,2,0.7859,76,200, AL,Mobile, WP Davidson
2017,Corey,King,2,0.7852,73,183, FL,Plant City, Plant City
2017,Patrick,McClure,2,0.7844,74,185, SC,Columbia, Ben Lippen School
2017,Kohen,Granier,2,0.7826,73,180, LA,Destrehan, Destrehan
2017,Brandon,Porter,2,0.7826,70,173, CA,Hesperia, Oak Hills
2017,Jay,Saunders,2,0.7800,71,180, GA,Moultrie, Colquitt County
2017,Darius,Harper,2,0.7785,74,198, TN,Knoxville, Austin-East
2017,Peyton,Derrick,2,0.7785,74,175, SC,Conway, Conway
2017,Wayne,Overman,2,0.7785,72,215, MS,Ocean Springs, St. Martin
2017,Carl,Robinson,2,0.7756,71,175, TX,Killeen, Ellison
2017,Mario,Nolan-Dillard,2,0.7752,70,199, TN,Memphis, Lausanne Collegiate School
2017,Ben,Brooks,2,0.7744,72,175, TN,Hendersonville, Pope John Paul II
2017,Austin,Sessums,2,0.7733,72,185, FL,Tampa, Tampa Catholic
2017,Jaalon,Frazier,2,0.7733,75,190, GA,Hinesville, Liberty County
2017,DJ,Thorpe,2,0.7683,74,175, TN,Antioch, Cane Ridge
2017,Ike,Ogbogu,2,0.7667,72,185, CA,San Jose, Bellarmine Prep
2017,Dontay,Warren,2,0.7667,73,192, TX,Houston, Alief Taylor
2017,Dalen,Morris,2,0.7667,72,196, AL,New Market, Buckhorn
2017,Michael,McGovern,2,0.7667,71,185, MO,Saint Louis, Chaminade
2017,Evan,Fochtman,2,0.7667,73,176, MD,Severn, Archbishop Spalding
2017,Brent,Bailey,2,0.7667,72,200, CA,Clovis, Clovis North
2017,Zion,Webb,2,0.7667,71,175, AL,Phenix City, Central
2017,Clay,Czyzynski,2,0.7667,69,197, IL,Winnetka, New Trier
2017,Chauncey,Caldwell,2,0.7667,74,220, NC,Durham, Hillside
2017,Conor,Bruce,2,0.7644,73,190, CA,Bakersfield, Garces Memorial
2017,Byron,Walker,2,0.7644,70,183, LA,Sulphur, Sulphur
2017,Gabriel,Brown,2,0.7644,70,197, LA,Baton Rouge, Central
2017,Nick,Juels,2,0.7633,70,165, CA,Simi Valley, Grace Brethren
2017,Mykol,Brooks,2,0.7633,71,190, OH,Cleveland, Richmond Heights
2017,Caleb,Powell,2,0.7633,70,178, OK,Edmond, Oklahoma Christian Academy
2017,Jake,Sturgill,2,0.7583,74,185, VA,Abingdon, Abingdon
2017,Brock,Boltmann,2,0.7533,71,191, MN,Minneapolis, Edina Senior
2017,Tyhier,Tyler,2,0.7533,69,168, VA,Newport News, Woodside
2017,Zach,Borisch,2,0.7533,72,180, WA,Kennewick, Kamiakin
2017,Tehran,Thomas,2,0.7511,70,208, AZ,Goodyear, Desert Edge
2017,Anthonie,Powell,2,0.7483,75,190, GA,Fayetteville, Fayette County
2017,Drew,Harris,2,0.7300,74,185, NJ,Camden, Camden
2017,Jalen,Fowler,2,0.7000,76,210, SC,Roebuck, Dorman
2016,Jarrett,Guarantano,4,0.9612,76,201, NJ,Oradell, Bergen Catholic
2016,Brandon,McIlwain,4,0.9253,72,200, PA,Newtown, Council Rock North
2016,Jalen,Hurts,4,0.9231,74,208, TX,Channelview, Channelview
2016,Shane,Buechele,4,0.9210,74,185, TX,Arlington, Lamar
2016,Jawon,Pass,4,0.9171,76,209, GA,Columbus, Carver
2016,Woody,Barrett,4,0.9147,74,225, FL,Orlando, West Orange
2016,Zerrick,Cooper,4,0.9083,76,206, GA,Jonesboro, Jonesboro
2016,Terry,Wilson,3,0.8839,74,187, OK,Oklahoma City, Del City
2016,Seth,Green,3,0.8813,76,216, TX,Allen, Allen
2016,Skylar,Thompson,3,0.8783,74,195, MO,Independence, Fort Osage
2016,Chazz,Surratt,3,0.8777,75,210, NC,Denver, East Lincoln
2016,Josh,Jackson,3,0.8742,74,200, MI,Saline, Saline
2016,Jett,Duffey,3,0.8726,72,171, TX,Mansfield, Lake Ridge
2016,Matt,Fink,3,0.8724,75,185, CA,Rancho Cucamonga, Glendora
2016,Xavier,Gaines,3,0.8707,74,200, FL,Lake Wales, Lake Wales
2016,Armani,Rogers,3,0.8596,78,200, CA,Los Angeles, Hamilton
2016,Jamie,Newman,3,0.8585,75,219, NC,Graham, Graham
2016,Mason,Moran,3,0.8558,75,180, AZ,Chandler, Chandler
2016,Tony,Poljan,3,0.8553,79,235, MI,Lansing, Lansing Catholic
2016,Jaren,Hall,3,0.8549,72,185, UT,Spanish Fork, Maple Mountain
2016,Avery,McCall,3,0.8535,73,195, SC,Dillon, Dillon
2016,Sam,Noyer,3,0.8534,76,200, OR,Beaverton, Beaverton
2016,Anthony,Brown,3,0.8517,73,195, NJ,Holmdel, St. John Vianney Regional
2016,David,Moore,3,0.8463,74,185, GA,Alpharetta, Milton
2016,Sawyer,Smith,3,0.8441,74,195, FL,Cantonment, J. M. Tate Senior
2016,Lindsey,Scott,3,0.8410,71,205, LA,Zachary, Zachary
2016,Micah,Wilson,3,0.8404,75,195, OK,Tulsa, Lincoln Christian School
2016,Quentin,Davis,3,0.8398,73,205, CA,Bellflower, St. John Bosco
2016,Darion,Slade,3,0.8388,71,190, NC,Clemmons, West Forsyth
2016,Donovan,Williams,3,0.8348,75,205, VA,Woodbridge, C. D. Hylton
2016,Bladrick,Veal,3,0.8333,77,191, LA,Baton Rouge, Southern University Lab School
2016,Brock,Monty,3,0.8333,74,190, KS,Wichita, Kapaun Mt Carmel Catholic
2016,Lucas,Johnson,3,0.8272,74,189, CA,San Diego, Mt. Carmel
2016,Juwan,Adams,3,0.8206,75,200, MS,Summit, North Pike
2016,Lavance,Northington,3,0.8180,74,190, CA,Orange, Orange Lutheran
2016,Luke,Skipper,3,0.8125,74,196, TX,Forney, Forney
2016,Tyriek,Starks,3,0.8115,74,185, LA,New Orleans, Warren Easton
2016,Kobie,Jones,3,0.8111,71,168, FL,Dunnellon, Dunnellon
2016,Jacob,Harrison,3,0.8106,73,185, OH,Dayton, Centerville
2016,DeMarcus,Williams,3,0.8025,73,190, AL,Jackson, Jackson
2016,Drayton,Arnold,3,0.8011,71,194, SC,Myrtle Beach, Myrtle Beach 
2016,Jhakari,Harrison,3,0.8000,73,180, FL,Pompano Beach, Coconut Creek
2016,Ramar,Williams,3,0.8000,72,170, MD,District Heights, Bishop McNamara
2016,Justin,Berry,3,0.7985,72,180, SC,Charleston, West Ashley
2016,Tyler,Johnston,3,0.7972,74,212, AL,Spanish Fort, Spanish Fort
2016,Darius,Bradwell,2,0.7959,73,210, FL,Tallahassee, Amos P. Godby
2016,Yafari,Werts,2,0.7949,72,184, SC,Newberry, Newberry
2016,Anthony,Thompson,2,0.7924,73,195, IL,Chicago, Mount Carmel
2016,Seth,Shuman,2,0.7910,74,195, GA,Valdosta, Valdosta
2016,Donte,Lampley,2,0.7898,73,180, VA,Virginia Beach, Bayside
2016,Dagan,Haehn,2,0.7898,73,194, TX,Lake Dallas, Lake Dallas
2016,Tre,Polamalu,2,0.7889,72,188, CA,Los Angeles, Loyola
2016,Kole,Stealy,2,0.7889,74,180, FL,Fort Lauderdale, Cypress Bay
2016,Carmine,Scarfone,2,0.7889,73,191, FL,Saint Augustine, Cardinal Gibbons
2016,DJ,Daniels,2,0.7861,74,200, NC,Wilson, Fike
2016,Rondle,Johnson,2,0.7853,72,200, TX,Houston, Heights
2016,Zac,Thomas,2,0.7843,74,203, AL,Trussville, Hewitt-Trussville
2016,Kameron,Miller,2,0.7803,72,175, NM,Las Cruces, Las Cruces
2016,Tahj,Tolbert,2,0.7782,77,205, GA,Buford, Lanier
2016,Michael,Austin,2,0.7778,73,175, CA,La Mesa, Helix
2016,Bryce,Baccarini,2,0.7750,74,210, TX,Keller, Fossil Ridge
2016,Miller,Mosley,2,0.7731,72,180, AL,Mobile, St. Paul's Episcopal
2016,Malik,Tyson,2,0.7731,75,198, FL,Tampa, Robinson
2016,Braden,Letney,2,0.7723,72,207, TX,Conroe, Oak Ridge
2016,Will,Olvera,2,0.7723,68,164, CA,Palm Springs, Palm Springs
2016,Luke,Anthony,2,0.7692,73,190, TX,Fort Worth, All Saints Episcopal
2016,Rudiger,Yearick,2,0.7681,75,190, NC,Indian Trail, Metrolina Christian Academy
2016,Mark,Torrez,2,0.7681,73,185, TX,El Paso, Eastwood
2016,Caleb,Evans,2,0.7675,75,180, TX,Dallas, Bishop Dunne
2016,Johnathan,Brantley,2,0.7675,73,183, TX,Houston, C.E. King
2016,Geremy,Hickbottom,2,0.7667,76,180, AL,Mobile, Williamson
2016,Nick,Patterson,2,0.7667,72,175, GA,Evans, Lakeside
2016,Tyre,Givers-Wilson,2,0.7667,76,205, VA,Chesapeake, Indian River
2016,Brett,Virgil,2,0.7667,69,166, CA,Brentwood, Heritage
2016,Duncan,Hodges,2,0.7667,74,215, AL,Morris, Mortimer Jordan
2016,Alex,Neligh,2,0.7667,74,195, IN,New Palestine, New Palestine
2016,Austin,Scott,2,0.7667,72,195, SC,Spartanburg, Spartanburg
2016,Jabril,Cox,2,0.7667,76,210, MO,Kansas City, Raytown South Sr.
2016,Anthony,Catalano,2,0.7667,70,170, CA,Corona, Centennial
2016,Bryce,Maginley,2,0.7667,74,220, NC,Charlotte, Ardrey Kell
2016,Rodrick,Robinson,2,0.7667,74,175, FL,Miami, Norland
2016,Gunther,Johnson,2,0.7667,72,190, AZ,Phoenix, Boulder Creek
2016,Shamir,White,2,0.7667,74,200, NJ,Newark, De Paul Catholic
2016,David,Isreal,2,0.7667,75,175, SC,Blythewood, Blythewood
2016,Joseph,Newman,2,0.7667,70,171, GA,Riverdale, Charles Drew
2016,Kentre,Grier,2,0.7667,75,180, WV,Charleston, South Charleston
2016,Jared,Sparks,2,0.7649,73,200, LA,Geismar, Dutchtown
2016,Ramsey,Rigby,2,0.7631,73,197, AL,Elba, Elba Sch
2016,Trent,Pink,2,0.7431,75,208, MN,Elk River, Elk River Senior
2016,Michael,Frankl,2,0.7397,74,210, IA,Ames, Ames
2016,Jordan,McRae,1,0.6997,74,200, NC,Fayetteville, Terry Sanford
2016,Tommy,Bryant,1,0.6997,73,182, AL,Tuscaloosa, Northridge
2016,Ryan,Lee,1,0.6997,73,189, SC,Columbia, Spring Valley
2016,Paten,Snell,1,0.6997,75,190, TX,Scurry, Scurry-Rosser
2015,Kyler,Murray,5,0.9853,70,180, TX,Allen, Allen
2015,Jarrett,Stidham,4,0.9824,76,195, TX,Stephenville, Stephenville
2015,Brandon,Wimbush,4,0.9784,74,205, NJ,Jersey City, St. Peters Prep
2015,Travis,Jonsen,4,0.9484,74,189, CA,Anaheim, Servite
2015,Sam,Darnold,4,0.9319,75,208, CA,San Clemente, San Clemente
2015,Jauan,Jennings,4,0.9257,76,188, TN,Murfreesboro, Blackman
2015,Sheriron,Jones,4,0.9039,74,191, CA,Moreno Valley, Rancho Verde
2015,John,Kolar,4,0.8987,75,195, OK,Norman, Norman North
2015,Joe,Burrow,4,0.8970,76,200, OH,The Plains, Athens
2015,De'Andre,Johnson,3,0.8793,72,175, FL,Jacksonville, First Coast
2015,Anthony,Ratliff-Williams,3,0.8791,73,205, NC,Matthews, Butler
2015,Lamar,Jackson,3,0.8788,75,185, FL,Boynton Beach, Boynton Beach Community
2015,Kelly,Bryant,3,0.8777,76,205, SC,Piedmont, Wren
2015,Jason,Pellerin,3,0.8772,76,215, LA,New Iberia, Catholic
2015,Lorenzo,Nunez,3,0.8761,74,190, GA,Kennesaw, Harrison
2015,Austin,Kafentzis,3,0.8666,73,200, UT,Sandy, Jordan
2015,Bryce,Perkins,3,0.8646,74,200, AZ,Chandler, Chandler
2015,Dion,Ray,3,0.8640,72,185, LA,Harvey, Helen Cox
2015,Alex,Delton,3,0.8609,72,180, KS,Hays, Hays
2015,Eric,Dungey,3,0.8600,76,195, OR,Lake Oswego, Lakeridge
2015,Tre,Moore,3,0.8599,75,180, MO,Saint Louis, John Burroughs School
2015,Tommy,Stevens,3,0.8599,76,200, IN,Indianapolis, Decatur Central
2015,Tucker,Israel,3,0.8535,72,200, FL,Orlando, Lake Nona
2015,Demry,Croft,3,0.8531,77,198, IL,Rockford, Boylan Central Catholic
2015,Elijah,Robinson,3,0.8503,74,185, NJ,Montclair, Montclair
2015,Ryan,Boyle,3,0.8477,74,205, IA,West Des Moines, Dowling Catholic
2015,J'Mar,Smith,3,0.8462,74,215, MS,Meridian, Meridian
2015,Nathan,Elliott,3,0.8422,73,195, TX,Celina, Celina
2015,Daniel,David,3,0.8365,73,192, GA,Hoschton, Mill Creek
2015,Quentin,Harris,3,0.8353,72,185, CT,Watertown, The Taft School
2015,Lloyd,Yates,3,0.8335,73,180, IL,Oak Park, River Forest 
2015,Kimane,Domena,3,0.8331,74,190, OR,Portland, Pursuit Of Wellness
2015,Riley,Wilson,3,0.8299,77,210, VA,Arlington, Wakefield
2015,Andre,Brown,3,0.8281,72,187, GA,Decatur, Columbia
2015,Justin,McMillan,3,0.8266,73,170, TX,Cedar Hill, Cedar Hill
2015,Beau,Hoge,3,0.8256,73,205, KY,Fort Thomas, Highlands
2015,Tyree,Jackson,3,0.8247,76,210, MI,Muskegon, Mona Shores
2015,Kevin,Johnson,3,0.8246,72,171, GA,Atlanta, Pace Academy
2015,Kalen,Whitlow,3,0.8232,72,180, AL,Prattville, Northview
2015,Jayru,Campbell,3,0.8226,75,190, MI,Detroit, Cass Technical
2015,Cinjun,Erskine,3,0.8215,74,205, NJ,Barnegat, Barnegat
2015,Ryan,Brand,3,0.8213,70,192, MI,Detroit, University Of Detroit Jesuit H
2015,Jaylon,Henderson,3,0.8203,74,195, TX,Humble, Kingwood Park
2015,Ryan,Agnew,3,0.8183,73,180, TX,Southlake, Southlake Carroll
2015,Tajhea,Chambers,3,0.8136,73,220, GA,Milledgeville, Baldwin
2015,Alec,Ingold,3,0.8113,74,220, WI,Green Bay, Bay Port
2015,Seth,Collins,3,0.8112,75,171, CA,El Cajon, Granite Hills
2015,Connor,McGinnis,3,0.8111,75,181, OK,Oklahoma City, Heritage Hall
2015,Sage,Attwood,3,0.8083,72,189, FL,Cape Coral, Ida S. Baker
2015,John,Jacobs,3,0.8082,73,211, OK,Shawnee, Shawnee
2015,Gabe,Green,3,0.8072,73,208, IL,Springfield, Sacred Heart Griffin
2015,Kareem,Coles,3,0.8070,71,160, CA,San Diego, Madison
2015,Cade,Smith,3,0.8065,73,195, OR,Salem, West Salem
2015,Jakobi,Meyers,3,0.8037,73,172, GA,Lithonia, Arabia Mountain
2015,Chandler,Eiland,3,0.8018,73,186, TX,Canton, Canton
2015,Baylor,Romney,3,0.8015,74,185, TX,El Paso, Franklin
2015,Kelvin,Hopkins,2,0.7934,69,184, NC,Charlotte, Independence
2015,Mylik,Mitchell,2,0.7932,76,181, OH,Cleveland, John Hay Campus
2015,Will,Collins,2,0.7917,74,210, OK,Lawton, MacArthur
2015,Maurice,Alexander,2,0.7913,71,170, FL,Homestead, Booker T. Washington
2015,Daniel,Jones,2,0.7898,77,190, NC,Charlotte, Charlotte Latin School
2015,Christopher,Weaver,2,0.7843,72,195, AL,Saraland, Saraland
2015,Marquane,Goodman,2,0.7843,74,200, SC,Florence, West Florence
2015,Kavika,Johnson,2,0.7824,73,195, NM,Las Cruces, Mayfield
2015,Dakota,Kupp,2,0.7817,76,200, MI,Waterford, Waterford Mott
2015,Tyler,Vaught,2,0.7798,73,170, TN,Maryville, Maryville
2015,Jason,Money,2,0.7782,73,194, UT,Spanish Fork, Spanish Fork
2015,Sam,Barry,2,0.7776,74,185, TX,Grapevine, Grapevine
2015,Carter,McCown,2,0.7698,74,170, TX,Jacksonville, Jacksonville
2015,Jalen,Miller,2,0.7698,72,185, IL,South Holland, Thornwood
2015,Clayton,Oliver,2,0.7698,74,180, TX,Colleyville, Colleyville Heritage
2015,Akevious,Williams,2,0.7681,74,187, FL,Madison, Madison County
2015,Cole,Euverard,2,0.7681,71,188, TN,Nashville, Montgomery Bell Academy
2015,Derek,Morefield,2,0.7667,71,185, NV,Las Vegas, Cimarron Memorial
2015,Dewayne,Collins,2,0.7667,74,188, IL,Chicago, Phillips Academy
2015,Hasan,Muhammad-Rogers,2,0.7667,71,171, IL,Oak Lawn, H L Richards
2015,Dan,Marinko,2,0.7667,74,175, IL,Edwardsville, Edwardsville
2015,Da'Shawn,Key,2,0.7667,72,160, TX,San Antonio, William J. Brennan
2015,Cole,Norris,2,0.7667,72,193, CA,Newport Beach, Newport Harbor
2015,Frank,Maxwell,2,0.7616,75,194, LA,Delhi, Delhi
2015,Troy,Smith,2,0.7531,72,185, TX,Harker Heights, Harker Heights
2015,Tobyn,Tannehill,2,0.7498,72,180, TX,Big Spring, Big Spring
2015,Rashad,Louie,2,0.7397,71,170, AL,Birmingham, Shades Valley
2015,Adeyemi,Da Silva,1,0.6997,75,195, NJ,Palisades Park, Palisades Park Jr-sr
2015,London,Johnson,1,0.6997,70,161, SC,Bennettsville, Marlboro County
2014,Deshaun,Watson,4,0.9791,75,200, GA,Gainesville, Gainesville
2014,Jerrod,Heard,4,0.9653,74,190, TX,Denton, Guyer
2014,Brandon,Harris,4,0.9645,74,193, LA,Bossier City, Parkway
2014,Justice,Hansen,4,0.9321,75,212, OK,Edmond, Santa Fe
2014,Morgan,Mahalak,4,0.9081,75,190, CA,Greenbrae, Marin  Catholic
2014,Manny,Wilkins,4,0.8938,74,180, CA,Novato, San Marin
2014,D.J.,Gillins,4,0.8922,75,185, FL,Jacksonville, Jean Ribault
2014,Travon,McMillian,4,0.8921,73,203, VA,Woodbridge, C. D. Hylton
2014,Quinton,Flowers,3,0.8889,72,203, FL,Miami, Miami Jackson
2014,Reggie,Bonnafon,3,0.8801,74,195, KY,Louisville, Trinity
2014,Will,Ulmer,3,0.8746,73,190, DC,Washington, St. John's College HS
2014,Zack,Darlington,3,0.8737,74,207, FL,Apopka, Apopka
2014,Jalen,Greene,3,0.8700,75,195, CA,Gardena, Junipero Serra
2014,Brandon,Dawkins,3,0.8646,75,206, CA,Thousand Oaks, Oaks Christian
2014,Trace,McSorley,3,0.8625,72,182, VA,Ashburn, Briar Woods
2014,Kendrick,Doss,3,0.8599,74,218, AL,Florence, Florence
2014,Stephen,Collier,3,0.8588,76,208, GA,Leesburg, Lee County
2014,Alin,Edouard,3,0.8556,73,180, FL,Hialeah, Hialeah
2014,Dimonic,Roden-McKinzy,3,0.8547,72,214, KS,Kansas City, Wyandotte
2014,Aaron,Sharp,3,0.8547,75,190, TX,Humble, Summer Creek
2014,Darius,Wade,3,0.8509,74,183, DE,Middletown, Middletown
2014,Coltin,Gerhart,3,0.8491,73,216, CA,Norco, Norco
2014,Luke,Rubenzer,3,0.8471,71,187, AZ,Scottsdale, Saguaro
2014,Antonio,Woods,3,0.8463,73,185, OH,Cincinnati, Summit Country Day School
2014,JaQuan,Davidson,3,0.8451,76,170, PA,Elizabeth, Elizabeth Forward
2014,Randall,Cunningham,3,0.8448,78,185, NV,Las Vegas, Bishop Gorman
2014,Malik,Rosier,3,0.8437,74,205, AL,Mobile, Faith Academy
2014,Cody,Callaway,3,0.8392,74,185, OH,Grafton, Midview
2014,Elijah,Staley,3,0.8384,78,240, GA,Marietta, Wheeler
2014,Matthew,Jordan,3,0.8370,74,195, AL,Jackson, Jackson
2014,Kenton,Meyers,3,0.8333,72,170, TX,Sachse, Sachse
2014,A.J.,Long,3,0.8289,73,190, TN,Lebanon, Friendship Christian
2014,Jeremy,Jones,3,0.8274,77,190, TX,San Antonio, East Central
2014,Devlin,Hodges,3,0.8250,74,188, AL,Morris, Mortimer Jordan
2014,Darrell,Colbert,3,0.8240,70,182, TX,Houston, Lamar
2014,Darius,Lee-Campbell,3,0.8229,74,200, TX,Spring, Spring HS
2014,Kent,Myers,3,0.8180,72,186, TX,Sachse, Sachse
2014,JaJuan,Lawson,3,0.8176,73,190, CA,Petaluma, Casa Grande
2014,Miles,Wright,3,0.8155,76,200, MA,Marion, Tabor Academy
2014,Nick,Fitzgerald,3,0.8133,77,220, GA,Richmond Hill, Richmond Hill
2014,Xavier,Conley,3,0.8111,76,200, TX,Pflugerville, Hendrickson
2014,Mac,Loudermilk,3,0.8109,73,220, GA,Valdosta, Valdosta
2014,AJ,Bush,3,0.8043,75,211, GA,Alpharetta, Norcross
2014,Kilton,Anderson,3,0.8021,74,200, WA,Sammamish, Skyline
2014,Jason,Driskel,3,0.8012,74,215, FL,Oviedo, Hagerty 
2014,Robert,Jones,3,0.8004,73,180, KY,Louisville, Valley
2014,Cory,Dixon,3,0.7999,76,185, GA,Brunswick, Brunswick
2014,JP,Caruso,2,0.7927,73,197, FL,Delray Beach, Palm Beach Gardens
2014,Kameron,Kelly,2,0.7905,74,190, TX,Wylie, Wylie
2014,Dalton,Etheridge,2,0.7899,72,190, GA,Mcdonough, Eagle's Landing Christian
2014,Dwane,Robinson,2,0.7899,72,190, FL,Melbourne, Florida Air Academy
2014,Penny,Smith,2,0.7882,74,181, TN,Knoxville, Fulton
2014,Zach,Oakley,2,0.7840,74,198, IN,Mishawaka, Penn
2014,Jordan,Davis,2,0.7817,75,180, TX,Spring, Klein Oak
2014,Neil,Pauu,2,0.7800,76,190, CA,Anaheim, Servite
2014,Ross,Drwal,2,0.7793,73,200, NE,Omaha, Millard West
2014,C.J.,Spencer,2,0.7791,73,188, CA,Sacramento, Inderkum
2014,Rafe,Chapple,2,0.7778,74,190, GA,Norcross, Greater Atlanta Christian School
2014,Payne,Sullins,2,0.7778,73,165, TX,Waco, Reicher Catholic
2014,Gus,Ragland,2,0.7764,73,205, OH,Cincinnati, Archbishop Moeller
2014,Cordelral,Cook,2,0.7754,73,190, GA,Stone Mountain, Stone Mountain
2014,Ryan,Graham,2,0.7750,74,185, IL,Wheaton, Wheaton Warrenville South
2014,J.R.,Zazzara,2,0.7743,75,185, NY,Syracuse, Christian Brothers Academy
2014,Kevin,Thomson,2,0.7716,75,185, WA,Auburn, Auburn Riverside
2014,Cassius,Corley,2,0.7707,73,185, NM,Grants, Grants
2014,John,Oliver,2,0.7692,75,205, GA,Woodstock, Etowah
2014,Joseph,Walker,2,0.7682,75,185, PA,Philadelphia, Martin Luther King
2014,Hasaan,Klugh,2,0.7667,75,185, NC,Concord, Central Cabarrus
2014,Julian,Welch,2,0.7667,73,192, GA,Rockmart, Rockmart
2014,J.T.,Bradwell,2,0.7667,74,200, FL,Tallahassee, Amos P. Godby
2014,Eban,Jackson,2,0.7667,75,170, CA,Harbor City, Narbonne
2014,Anfernee,Bruton,2,0.7667,74,191, GA,Lithonia, Lithonia
2014,Jonathan,Banks,2,0.7667,73,180, KS,Independence, Aldine Nimitz
2014,Joey,Zamora,2,0.7667,76,220, WA,Pasco, Chiawana
2014,Josh,Eckley,2,0.7667,74,187, AZ,Tempe, Marcos De Niza
2014,Greg,Simpson,2,0.7667,69,185, OH,Cincinnati, Sycamore
2014,Connor,Christiansen,2,0.7667,74,185, IN,Fishers, Fishers
2014,Stedman,Bell,2,0.7653,73,185, TX,Conroe, Conroe
2014,Colby,Moore,2,0.7542,72,196, TX,Argyle, Liberty Christian
2014,Ross,Comis,2,0.7531,74,215, WV,Weirton, Weirton Madonna
2014,Gunnar,Amos,2,0.7531,73,185, ID,Coeur D Alene, Coeur d'Alene
2014,Dallas,Davis,2,0.7531,74,195, FL,Panama City, Rutherford
2014,Easton,Stick,2,0.7515,74,198, NE,Omaha, Creighton Preparatory School
2014,Caisson,Montieth,2,0.7398,73,185, TX,Comanche, Comanche
2014,Reilly,Hennessey,2,0.7331,75,185, WA,Camas, Camas
2014,Jeremy,Joseph,2,0.7331,78,220, AL,Auburn, Lee-scott Academy
2014,Jalen,Jones,2,0.7330,75,215, MD,Edgewater, South River Senior
2014,Garret,Lewis,2,0.7330,73,190, AL,Buhl, Sipsey Valley
2014,Chris,Montgomery,2,0.7330,70,170, NC,Lawndale, Burns
2014,Prince,Dukes,2,0.7197,75,170, NY,Staten Island, Curtis
2014,Jackson,McDonald,2,0.7097,72,190, GA,Flowery Branch, Flowery Branch
2014,Davion,Anderson,1,0.6997,73,200, GA,Macon, Northeast
2014,Stephen,Barmore,1,0.6997,74,205, CT,Southington, Southington
2014,Tyler,Kirton,1,0.6997,69,160, NY,Rochester, Bishop Kearney
2013,Asiantii,Woulard,4,0.9370,76,200, FL,Winter Park, Winter Park
2013,J.T.,Barrett,4,0.9349,74,205, TX,Wichita Falls, Rider
2013,Aaron,Bailey,4,0.9277,74,225, IL,Bolingbrook, Bolingbrook
2013,Malik,Zaire,4,0.9268,73,185, OH,Dayton, Archbishop Alter
2013,Damion,Terry,4,0.9176,76,218, PA,Erie, Cathedral Prep
2013,Mitchell,Trubisky,4,0.9135,75,195, OH,Mentor, Mentor
2013,Matt,Alviti,4,0.9112,73,180, IL,Park Ridge, Maine South
2013,Kenny,Hill,4,0.9090,74,210, TX,Southlake, Southlake Carroll
2013,Cord,Sandberg,4,0.9071,74,200, FL,Bradenton, Manatee
2013,Bucky,Hodges,4,0.9049,78,225, VA,Virginia Beach, Salem
2013,Bucky,Hodges,4,0.9049,78,225, VA,Virginia Beach, Salem
2013,Johnny,Stanton,4,0.8946,74,215, CA,Rancho Santa Margarita, Santa Margarita Catholic
2013,TraVon,Chapman,4,0.8930,73,195, OH,Kent, Theodore Roosevelt
2013,Chris,Johnson,4,0.8909,77,222, TX,Bryan, Bryan
2013,DeVante,Kincade,3,0.8894,72,180, TX,Dallas, Skyline
2013,Anu,Solomon,3,0.8882,72,195, NV,Las Vegas, Bishop Gorman
2013,Trent,Hosick,3,0.8841,74,220, MO,Kansas City, Staley
2013,Johnny,McCrary,3,0.8838,76,200, GA,Ellenwood, Cedar Grove
2013,Sefo,Liufau,3,0.8746,76,220, WA,Tacoma, Bellarmine Prep
2013,Carlis,Parker,3,0.8712,76,190, NC,Statesville, Statesville
2013,Shane,Cockerille,3,0.8659,73,205, MD,Baltimore, Gilman
2013,Damon,Mitchell,3,0.8555,74,190, NJ,Egg Harbor Township, Egg Harbor Twp
2013,Zach,Allen,3,0.8527,74,180, TX,Temple, Temple
2013,Brandon,Cox,3,0.8511,74,185, CA,Pasadena, Pasadena
2013,Brayden,Scott,3,0.8509,74,200, OK,Tahlequah, Sequoyah
2013,Chavas,Rawlins,3,0.8506,75,190, PA,Monessen, Monessen
2013,Keenan,Wise,3,0.8499,74,195, GA,Locust Grove, Locust Grove
2013,Darryl,Richardson,3,0.8466,77,230, FL,Seffner, Armwood
2013,Parker,Boehme,3,0.8432,73,225, FL,Jacksonville, Sandalwood
2013,Akeem,Jones,3,0.8399,75,205, FL,Opa Locka, Miami Carol City
2013,John,Franklin,3,0.8376,74,175, FL,Fort Lauderdale, South Plantation
2013,Javon,Harrison,3,0.8322,73,190, OH,Dayton, Wayne
2013,Jacob,Simons,3,0.8299,75,195, RI,Barrington, Barrington
2013,Damian,Williams,3,0.8217,73,215, LA,Metairie, Archbishop Rummel
2013,Michael,Julian,3,0.8200,77,180, SC,Hilton Head Island, Hilton Head
2013,Trevor,Hodge,3,0.8183,74,190, CA,Perris, Citrus Hill
2013,Chris,Streveler,3,0.8117,75,205, IL,Crystal Lake, Marian Central Catholic
2013,Joel,Lanning,3,0.8117,74,200, IA,Ankeny, Ankeny
2013,Juwan,Brown,3,0.8116,73,175, FL,Largo, Largo
2013,Brent,Stockstill,3,0.8104,72,190, TN,Murfreesboro, Siegel
2013,Thomas,Woodson,3,0.8100,74,217, PA,Monroeville, Gateway
2013,P.J.,Walker,3,0.8090,73,195, NJ,Elizabeth, Elizabeth
2013,Tommy,Fuessel,3,0.8083,75,180, IL,Frankfort, Lincoln-Way East
2013,Quay,Chambers,3,0.8071,76,195, NC,Monroe, Monroe
2013,Montell,Cozart,3,0.7995,74,180, KS,Mission, Bishop Miege
2013,Billy,Green,3,0.7987,74,200, WA,Seattle, King's Schools
2013,Caleb,Kimbro,3,0.7982,73,195, TX,Buda, Jack C Hays
2013,Jacob,Martinez,3,0.7982,71,170, FL,Panama City, Bozeman School
2013,Jihad,Vercher,3,0.7973,73,190, CA,Los Angeles, Salesian
2013,Justin,Holman,2,0.7967,76,201, GA,Stone Mountain, Stephenson
2013,Bivins,Caraway,2,0.7949,72,200, TX,Longview, Longview
2013,Darrien,Boone,2,0.7944,76,190, IL,Chicago, Chicago Vocational Center
2013,Keelan,Ewaliko,2,0.7903,71,175, HI,Wailuku, Henry Perrine Baldwin
2013,Kai,Nacua,2,0.7889,73,195, NV,Henderson, Liberty
2013,Dante,Mayes,2,0.7882,74,190, CA,Oakley, Freedom
2013,Reggie,Bell,2,0.7881,76,180, CA,Los Angeles, Dorsey
2013,Austin,Valdez,2,0.7862,73,206, OH,Sylvania, Sylvania Southview
2013,Mitch,Kimble,2,0.7857,75,190, IL,Jerseyville, Jersey Comm
2013,Greg,Hankerson,2,0.7824,71,180, FL,Fort Lauderdale, Boyd Anderson
2013,Dondrell,Harris,2,0.7803,72,182, FL,Panama City, Rutherford
2013,Ben,Okun,2,0.7790,73,190, CA,Newbury Park, Newbury Park
2013,Timothy,Brady,2,0.7750,73,195, DC,Washington, Friendship Academy
2013,Princeton,Harlan,2,0.7698,76,188, TN,Mount Pleasant, Mount Pleasant
2013,Christian,Jones,2,0.7667,75,218, TX,San Antonio, East Central
2013,Lamel,Matthews,2,0.7667,74,205, DC,Washington, Dunbar
2013,Austin,Chipoletti,2,0.7667,71,180, FL,Orange Park, Oakleaf
2013,Stephen,Johnson,2,0.7667,75,175, CA,Rancho Cucamonga, Los Osos
2013,Adam,Friederichsen,2,0.7667,72,195, CA,Rancho Cucamonga, Rancho Cucamonga
2013,Jaranta,Lewis,2,0.7667,72,175, FL,Fort Lauderdale, Cypress Bay
2013,Davaun,Williams,2,0.7667,73,200, MI,Detroit, Martin Luther King
2013,Travis,Marshall,2,0.7631,75,200, GA,Alpharetta, Chattahoochee
2013,Dominique,Allen,2,0.7581,72,215, GA,Richmond Hill, Richmond Hill
2013,Kris,White,2,0.7531,73,210, FL,Groveland, South Lake
2013,Kado,Brown,2,0.7531,72,180, CA,Oxnard, Rio Mesa
2013,Brandon,Barnes,2,0.7498,73,180, NY,Staten Island, Tottenville
2013,Dajon,Williams,2,0.7498,75,175, TX,Austin, Pflugerville Connally
2013,Larry,Brihm,2,0.7444,73,216, FL,Delray Beach, Village Academy
2013,Vidal,Woodruff,2,0.7398,74,210, FL,Tampa, Robinson
2013,Vidal,Woodruff,2,0.7398,75,210, FL,Tampa, Carrollwood Day
2013,Jerry,Moorehead,2,0.7333,76,210, AR,Camden, Camden Fairview
2013,Alejandro,Benefield,2,0.7331,74,215, GA,Hampton, Lovejoy
2013,Jerome,Gilkey,2,0.7298,73,177, TN,Memphis, Westwood
2013,Lenorris,Footman,2,0.7000,71,175, FL,Monticello, Jefferson County
2013,Joe,Ferguson,2,0.7000,73,170, WI,Madison, Memorial
2013,Connor,Senger,2,0.7000,71,170, WI,Milwaukee, Pius XI
2013,Zach,Martin,1,0.6997,75,185, NE,Omaha, Omaha North
2013,Najee,Jackson,1,0.6997,72,170, NE,Lincoln, Lincoln Southeast
2013,Parker,Dunshee,1,0.6997,72,187, IN,Zionsville, Zionsville
2012,Jameis,Winston,5,0.9922,76,190, AL,Hueytown, Hueytown 
2012,Cyler,Miles,4,0.9573,76,215, CO,Denver, Mullen
2012,Anthony,Alford,4,0.9529,72,200, MS,Petal, Petal
2012,Matt,Davis,4,0.9494,74,211, TX,Houston, Klein Forest
2012,Chad,Kelly,4,0.9264,75,205, NY,Buffalo, St. Joseph School
2012,Tommy,Armstrong,4,0.9060,73,200, TX,Schertz, Steele
2012,Maty,Mauk,4,0.9031,74,200, OH,Kenton, Kenton
2012,Jalen,Overstreet,4,0.9024,74,212, TX,Tatum, Tatum
2012,Robert,Gregory,4,0.8915,75,185, IL,Chicago, Simeon
2012,Faton,Bauta,3,0.8829,74,222, FL,Palm Beach Gardens, Dwyer
2012,Brendan,Nosovitch,3,0.8763,74,200, PA,Allentown, Central Catholic
2012,Tyler,Cameron,3,0.8748,75,215, FL,Jupiter, Jupiter
2012,Patton,Robinette,3,0.8746,77,200, TN,Maryville, Maryville
2012,Will,Gross,3,0.8724,74,180, TN,Memphis, Melrose
2012,Dennis,Andrews,3,0.8707,72,185, FL,Tallahassee, Amos P. Godby
2012,Bilal,Marshall,3,0.8680,74,170, FL,Hialeah, Dade Christian School
2012,Jonathan,Wallace,3,0.8670,73,205, AL,Phenix City, Central
2012,Jalen,Whitlow,3,0.8657,74,210, AL,Montgomery, Prattville
2012,Jeff,Lockie,3,0.8601,74,188, CA,Cupertino, Monte Vista
2012,Matt,Bishop,3,0.8587,71,190, TX,Aledo, Aledo
2012,Tay,Bender,3,0.8576,74,205, NE,Lincoln, Southwest
2012,Skyler,Mornhinweg,3,0.8517,75,215, PA,Philadelphia, St. Joseph's
2012,Javelle,Allen,3,0.8494,73,205, TX,Prosper, Prosper
2012,Anthony,Maddie,3,0.8446,74,196, IL,Aurora, Aurora Christian Schools
2012,Charlie,Rogers,3,0.8398,74,170, IA,Iowa City, West Senior
2012,Austin,Apodaca,3,0.8337,73,175, CO,Longmont, Silver Creek
2012,Matt,Dobson,3,0.8327,73,208, FL,Tallahassee, North Florida Christian
2012,Hasaan,Henderson,3,0.8297,76,200, NV,Las Vegas, Las Vegas
2012,Chad,Chalich,3,0.8237,74,186, ID,Coeur D Alene, Coeur d'Alene
2012,David,Thompson,3,0.8211,72,190, FL,Miami, Westminster Christian School
2012,Dalyn,Williams,3,0.8210,72,200, TX,Lake Dallas, Lake Dallas
2012,Cole,Gautsche,3,0.8196,75,212, NM,Rio Rancho, Cleveland
2012,Adam,Wing,3,0.8195,75,185, KY,Morehead, Rowan County Senior
2012,Steven,Franco,3,0.8191,73,179, PA,Tyrone, Tyrone Area
2012,Ben,Johnson,3,0.8181,73,183, TX,Austin, Round Rock Westwood
2012,Justice,Jones,3,0.8109,72,180, LA,Patterson, Patterson
2012,Dezmond,Stegall,3,0.8100,75,205, AR,Searcy, Searcy
2012,D'Shaie,Landor,3,0.8087,71,175, LA,Lafayette, Teurlings Catholic
2012,Del,Barnes,3,0.8087,72,175, TX,Henderson, Henderson
2012,Grant,Flessner,3,0.8023,72,185, FL,Venice, Venice
2012,Ryan,Spelman,3,0.7999,74,215, NY,Central Valley, Monroe Woodbury
2012,AJ,Bilyeu,2,0.7871,75,179, IL,Bartlett, Bartlett
2012,Ken,Mouton,2,0.7840,73,205, FL,Naples, Golden Gate
2012,DJ,Nelson,2,0.7831,69,185, UT,Logan, Logan
2012,Devin,Powell,2,0.7824,76,210, LA,New Orleans, O Perry Walker 
2012,Evan,Moore,2,0.7799,72,170, FL,Lake Worth, Lake Worth
2012,King,Davis,2,0.7774,73,180, TX,Mesquite, North Mesquite
2012,Abe,Coleman,2,0.7769,71,199, FL,Hallandale, Hallandale
2012,Matt,Williams,2,0.7731,75,190, IL,Geneva, Geneva Community
2012,Drew,Hare,2,0.7723,74,191, MO,O'Fallon, Ft. Zumwalt West
2012,Jaleel,Bridges,2,0.7698,76,185, LA,Dequincy, Dequincy
2012,Ronald,Butler,2,0.7667,74,185, FL,Tallahassee, Lincoln
2012,Emmanuel,Williams,2,0.7667,71,175, TX,La Marque, La Marque
2012,Joe,Mollberg,2,0.7667,75,205, MN,Detroit Lakes, Detroit Lakes Senior
2012,Max,Ward,2,0.7667,73,195, PA,Harrisburg, Steelton-Highspire
2012,Jamil,Golden,2,0.7632,75,200, TN,Memphis, Ridgeway
2012,Malcolm,Bell,2,0.7498,73,178, VA,Richmond, Henrico
2012,Kire',Worley,2,0.7435,73,185, VA,Richmond, Hermitage
2012,Tyrell,Goodman,1,0.6998,74,210, NY,White Plains, Archbishop Stepinac
2011,Jeff,Driskel,5,0.9915,76,235, FL,Oviedo, Hagerty 
2011,Braxton,Miller,5,0.9834,74,185, OH,Dayton, Wayne
2011,Kiehl,Frazier,4,0.9717,74,210, AR,Springdale, Shiloh Christian 
2011,Brett,Hundley,4,0.9628,76,210, AZ,Chandler, Chandler
2011,Teddy,Bridgewater,4,0.9491,74,180, FL,Miami, Northwestern
2011,Bubba,Starling,4,0.9433,77,200, KS,Gardner, Gardner Edgerton
2011,J.W.,Walsh,4,0.9430,73,205, TX,Denton, Guyer
2011,Jerrard,Randall,4,0.9158,73,175, FL,Hollywood, Chaminade-Madonna Prep
2011,Marquise,Williams,4,0.8931,74,220, NC,Charlotte, Mallard Creek
2011,Michael,Eubank,3,0.8854,77,220, CA,Corona, Centennial
2011,Vad,Lee,3,0.8844,74,200, NC,Durham, Hillside
2011,Lafonte,Thourogood,3,0.8757,75,223, VA,Virginia Beach, Ocean Lakes
2011,Johnny,Manziel,3,0.8740,72,195, TX,Kerrville, Tivy
2011,Brock,Berglund,3,0.8731,75,210, CO,Littleton, Valor Christian
2011,Derrick,Brown,3,0.8681,75,215, CA,Murrieta, Vista Murrieta
2011,Jimmy,Laughrea,3,0.8675,74,180, CA,Rocklin, Rocklin
2011,Kendal,Thompson,3,0.8665,74,180, OK,Moore, Southmoore
2011,Marcus,Mariota,3,0.8631,76,190, HI,Honolulu, St Louis School
2011,Patrick,Coyne,3,0.8609,74,220, OH,Hamilton, Stephen T Badin
2011,Dak,Prescott,3,0.8569,75,220, LA,Haughton, Haughton
2011,Tre,Roberson,3,0.8478,73,170, IN,Indianapolis, Lawrence Central
2011,David,Watford,3,0.8473,74,180, VA,Hampton, Hampton
2011,Michael,Cummings,3,0.8454,72,200, TX,Killeen, Killeen
2011,Michael,Nebrich,3,0.8366,73,190, VA,Burke, Lake Braddock
2011,Kevin,Sousa,3,0.8316,75,220, FL,Orlando, Lake Nona
2011,Chazten,Gonzales,3,0.8286,74,185, OK,Oklahoma City, Del City
2011,Martay,Mattox,3,0.8271,73,182, GA,Athens, Clarke Central
2011,Terrel,Hunt,3,0.8221,75,185, NY,Middle Village, Christ The King Regional
2011,Cody,Keith,3,0.8181,75,180, NC,Charlotte, Cheshire Academy
2011,Josh,Grady,3,0.8166,73,190, FL,Seffner, Armwood
2011,John,Robertson,3,0.8111,73,190, NJ,Paramus, Paramus
2011,Daxx,Garman,3,0.8108,73,185, TX,Grapevine, Carroll Senior
2011,Rakeem,Cato,3,0.8093,72,160, FL,Miami, Miami Central
2011,Cameron,Coffman,3,0.8066,74,180, MO,Peculiar, Raymore-Peculiar
2011,Shaun,White,2,0.7933,72,190, FL,Pensacola, Pensacola Catholic
2011,Domonique,Harris,2,0.7891,77,225, MS,Southaven, Southaven
2011,Matt,Floyd,2,0.7883,74,190, FL,Milton, Milton
2011,Joe,Gray,2,0.7667,74,180, CA,Los Angeles, Dorsey
2011,Ameriol,Finley,2,0.7667,73,175, AL,Spanish Fort, Spanish Fort
2011,Colton,Huntsman,2,0.7667,72,175, TX,Houston, Cy Falls
2011,Deauntre,Smiley,2,0.7667,73,205, TX,Lufkin, Lufkin
2011,Chris,Nelson,2,0.7667,74,225, AL,Theodore, Theodore
2011,Kent,Rollins,2,0.7667,72,170, GA,Snellville, South Gwinnett
2011,Keith,Moore,2,0.7667,0,-, MI,Detroit, Cass Technical
2011,Gino,DeBartolo,2,0.7667,74,200, WI,Kenosha, Bradford
2011,Leon,Blouin,2,0.7655,71,185, LA,Geismar, Dutchtown
2011,Kris,Kentera,2,0.7593,76,195, CO,Colorado Springs, Pine Creek
2011,Jalen,Fitzpatrick,2,0.7519,71,180, PA,Harrisburg, Harrisburg
2011,Dyron,Speight,2,0.7482,72,180, FL,Bradenton, Southeast
2011,Kelvin,White,2,0.7432,75,215, PA,Enola, East Pennsboro
2011,Matt,McIntosh,2,0.7333,74,180, IN,Evansville, Francis Joseph Reitz Sch
2011,Luke,Smurthwaite,2,0.7333,73,185, OH,Grove City, Grove City
2011,Dustin,Walton,2,0.7333,76,210, NM,Raton, Raton
2011,Evan,Shimensky,2,0.7333,71,185, OH,Kent, Theodore Roosevelt
2011,Gary,Isaacson,2,0.7333,73,183, CA,Santee, West Hills
2011,Rafi,Montalvo,2,0.7332,71,180, FL,Miami, La Salle
2011,Lorenzo,Hammonds,2,0.7000,73,195, SC,North Augusta, North Augusta
2011,Zach,Dancel,2,0.7000,72,190, MD,Olney, Good Counsel
2011,Blaire,Sullivan,2,0.7000,75,195, TX,San Antonio, Central Catholic
2011,Chuckie,Keeton,2,0.7000,74,185, TX,Houston, Cy Creek
2011,Tre,Colwell,2,0.7000,74,180, TX,Manvel, Manvel
2010,Blake,Bell,4,0.9667,78,215, KS,Wichita, Bishop Carroll
2010,Devin,Gardner,4,0.9656,76,195, MI,Inkster, Inkster
2010,Rob,Bolden,4,0.9549,76,200, MI,West Bloomfield, St. Mary's
2010,Barry,Brunetti,4,0.9221,72,207, TN,Memphis, Memphis University School
2010,James,Franklin,4,0.9065,74,218, TX,Lake Dallas, Lake Dallas
2010,Sam,Carter,4,0.8975,70,205, TX,Houston, Alief Hastings
2010,Dominique,Brown,4,0.8958,74,215, OH,Cincinnati, Winton Woods
2010,Anthony,Gonzalez,3,0.8887,75,193, PA,Bethlehem, Liberty
2010,Tyler,Smith,3,0.8884,76,195, PA,Easton, Wilson Area
2010,Brion,Carnes,3,0.8844,72,181, FL,Bradenton, Manatee
2010,Connor,Shaw,3,0.8843,73,192, GA,Flowery Branch, Flowery Branch
2010,Dallas,Lloyd,3,0.8843,75,205, UT,Pleasant Grove, Pleasant Grove
2010,Johnny,Deaton,3,0.8813,75,195, OK,Sand Springs, Charles Page
2010,Jarred,Haggins,3,0.8764,72,175, FL,Lakeland, Lakeland
2010,Jameill,Showers,3,0.8764,73,200, TX,Killeen, Shoemaker
2010,Sean,Robinson,3,0.8764,77,205, IL,Rochester, Rochester
2010,Munchie,Legaux,3,0.8733,76,185, LA,New Orleans, Edna Karr
2010,Matt,Brown,3,0.8733,73,185, TX,Allen, Allen
2010,Tarean,Austin,3,0.8733,74,200, FL,Tampa, Hillsborough
2010,Matt,Joeckel,3,0.8701,76,220, TX,Arlington, Arlington
2010,Case,McCoy,3,0.8653,74,169, TX,Graham, Graham
2010,Tanner,Price,3,0.8653,74,190, TX,Austin, Westlake
2010,Anthony,Boone,3,0.8653,73,225, NC,Matthews, Weddington
2010,Nathan,Sorenson,3,0.8653,75,200, TX,Texarkana, Texas High
2010,Dominique,Sullivan,3,0.8622,75,189, MS,Taylorsville, Taylorsville
2010,Stephen,Morris,3,0.8622,74,186, FL,Opa Locka, Monsignor Pace
2010,Jamius,Gunsby,3,0.8622,75,195, GA,Lagrange, LaGrange
2010,Jeffrey,Godfrey,3,0.8620,71,167, FL,Miami, Miami Central
2010,Jeff,Godfrey,3,0.8620,71,182, FL,Miami, Miami Central
2010,Tom,Parish,3,0.8608,75,200, WI,Hartland, Arrowhead
2010,Ricardo,Young,3,0.8590,72,174, DC,Washington, Woodson H.D.
2010,Mark,Leal,3,0.8590,72,190, FL,Delray Beach, Atlantic
2010,Miles,Gooch,3,0.8573,75,210, GA,Decatur, Towers
2010,Taylor,Burch,3,0.8559,74,205, LA,Monroe, Neville
2010,Garrett,Grayson,3,0.8556,74,184, WA,Vancouver, Heritage
2010,Darian,Godfrey,3,0.8542,73,190, TX,Gilmer, Gilmer
2010,Ed,Sullivan,3,0.8542,74,195, FL,Boca Raton, Boca Raton
2010,Darren,Daniel,3,0.8528,76,186, AL,Phenix City, Central
2010,Brandon,Connette,3,0.8479,74,210, CA,Corona, Santiago
2010,John,Kinder,3,0.8479,75,190, NY,Cedarhurst, Lawrence
2010,Jake,Medlock,3,0.8479,74,215, FL,Neptune Beach, Duncan U. Fletcher
2010,Clay,Honeycutt,3,0.8479,74,185, TX,Dickinson, Dickinson
2010,Miles,Osei,3,0.8479,73,185, IL,Mount Prospect, Prospect
2010,Tyler,Murphy,3,0.8431,74,190, CT,Wethersfield, Wethersfield
2010,Stephen,Curtis,3,0.8417,0,-, SC,Sumter, Sumter
2010,Jared,Barnett,3,0.8403,72,192, TX,Garland, Garland
2010,Kevin,Spain,3,0.8403,75,190, AZ,Phoenix, Paradise Valley
2010,Arsenio,Favor,3,0.8337,74,226, AL,Millbrook, Stanhope Elmore
2010,Antonio,Andrews,3,0.8333,72,193, KY,Fort Campbell, Fort Campbell
2010,Tyrell,Jenkins,3,0.8333,75,185, TX,Henderson, Henderson
2010,Keith,Wenning,3,0.8333,74,220, OH,Coldwater, Coldwater
2010,Kalen,Henderson,3,0.8306,72,192, LA,Reserve, East St. John
2010,Jordan,Taylor,3,0.8306,77,200, TX,Denison, Denison
2010,Jacoby,Walker,3,0.8299,74,197, TX,Houston, Westfield
2010,Dwight,Macon,3,0.8292,72,195, OH,Steubenville, Steubenville
2010,Nash,Nance,3,0.8274,75,208, GA,Calhoun, Calhoun
2010,Terrance,Broadway,3,0.8250,73,205, LA,Baton Rouge, Capitol Pre-college Academy For Boys
2010,Stump,Godfrey,3,0.8250,72,204, TX,Gilmer, Gilmer
2010,Chas,Dodd,3,0.8245,71,170, SC,Duncan, Byrnes
2010,Scott,McCummings,3,0.8212,74,210, MA,Natick, Natick
2010,Sam,Stratton,3,0.8212,71,195, CO,Littleton, Chatfield
2010,Cody,Fajardo,3,0.8198,74,195, CA,Anaheim, Servite
2010,Caleb,Watkins,3,0.8163,75,207, OH,Middletown, Middletown
2010,Angel,Santiago,3,0.8111,71,175, CA,Rancho Cucamonga, Etiwanda
2010,Taylor,Kelly,3,0.8111,75,185, ID,Eagle, Eagle
2010,Rudy,Johnson,3,0.8101,73,195, MD,Owings Mills, McDonogh School
2010,Aerion,Williams,3,0.8083,74,195, MS,Gulfport, Harrison Central
2010,Kyle,Snyder,3,0.8069,73,207, OH,Barberton, Barberton
2010,Alex,Hart,3,0.8052,75,175, UT,Sandy, Jordan
2010,Tyrell,Jenkins,3,0.8000,75,180, TX,Katy, Katy
2010,Dylan,Favre,3,0.7990,70,180, MS,Bay Saint Louis, St Stanislaus
2010,Cedric,McCloud,2,0.7903,74,218, NC,Greensboro, Caldwell Academy
2010,Connor,Reilly,2,0.7889,76,180, VA,Fairfax, Woodson
2010,Emory,Miller,2,0.7889,71,195, TX,Mesquite, Horn
2010,Taylor,Bullock,2,0.7889,74,200, LA,New Iberia, New Iberia
2010,Tyler,Benz,2,0.7889,75,218, IL,Park Ridge, Maine South
2010,E.J.,Tucker,2,0.7889,75,200, OH,Toledo, Rogers
2010,J.D.,Pride,2,0.7878,73,190, MN,Minneapolis, Totino-Grace
2010,J.D.,Pride,2,0.7808,73,190, MN,Minneapolis, Totino-Grace
2010,Zack,Wynn,2,0.7667,74,199, FL,Hudson, Hudson
2010,Jake,McGee,2,0.7667,77,210, VA,Richmond, Collegiate School
2010,Blake,Hollingsworth,2,0.7444,74,200, LA,Baton Rouge, Southern University Lab School
2010,Derrick,Teegarden,2,0.7333,72,170, TX,Odessa, Odessa
2010,Logan,Moore,2,0.7333,72,185, WV,Fairmont, Fairmont
2009,Russell,Shepard,5,0.9985,73,179, TX,Houston, Cy Ridge
2009,Aaron,Murray,5,0.9897,73,198, FL,Tampa, Plant
2009,Geno,Smith,4,0.9518,75,210, FL,Hollywood, Miramar
2009,Tate,Forcier,4,0.9408,73,184, CA,San Diego, Scripps Ranch
2009,Tyrik,Rollison,4,0.9374,74,185, TX,Sulphur Springs, Sulphur Springs
2009,Morgan,Newton,4,0.9332,76,220, IN,Carmel, Carmel
2009,Cody,Green,4,0.9302,76,220, TX,Dayton, Dayton
2009,Shavodrick,Beaver,4,0.9103,75,180, TX,Wichita Falls, Rider
2009,Nathan,Scheelhaase,4,0.9075,75,185, MO,Kansas City, Rockhurst
2009,Eugene,Smith,4,0.9053,75,182, FL,Hollywood, Miramar
2009,Raymond,Cotton,4,0.9006,76,216, MD,Fort George G Meade, Meade Senior
2009,Blaine,Dalton,4,0.8915,73,190, MO,Blue Springs, Blue Springs South
2009,Jordan,Luallen,3,0.8863,75,196, IN,Greenwood, Center Grove
2009,Jacob,Karam,3,0.8810,72,200, TX,Friendswood, Friendswood
2009,Brandon,Mitchell,3,0.8701,76,220, LA,Amite, Amite
2009,Edward,Wright-Baker,3,0.8684,74,205, IN,Jeffersonville, Jeffersonville
2009,Clark,Evans,3,0.8622,77,225, CA,Los Alamitos, Los Alamitos
2009,C.J.,Brown,3,0.8622,75,180, PA,Harmony, Seneca Valley
2009,Ashton,Glaser,3,0.8590,74,205, AR,Springdale, Springdale
2009,Emmanuel,Yeager,3,0.8510,74,190, DC,Washington, Coolidge
2009,A.J.,Graham,3,0.8510,76,194, FL,Tallahassee, Amos P. Godby
2009,Dax,Dilbeck,3,0.8497,73,171, OK,Edmond, Deer Creek
2009,Kenny,Guiton,3,0.8479,74,190, TX,Houston, Aldine Eisenhower
2009,Kolby,Gray,3,0.8479,74,183, TX,Houston, Cy Falls
2009,Austyn,Carta-Samuels,3,0.8463,73,207, CA,San Jose, Bellarmine Prep
2009,Clint,Chelf,3,0.8448,75,200, OK,Enid, Enid
2009,Taylor,McHargue,3,0.8448,73,193, TX,Leander, Vista Ridge
2009,Richard,Morrison,3,0.8417,72,180, TX,Royse City, Royse City
2009,Christian,Matthews,3,0.8389,75,180, TX,Arlington, Bowie
2009,Josh,Moten,3,0.8385,72,177, CA,Harbor City, Narbonne
2009,Cedric,McCloud,3,0.8375,72,201, FL,Jacksonville, Raines
2009,Will,Gilchrist,3,0.8309,73,189, TN,Savannah, Hardin County
2009,Aaron,Munoz,3,0.8274,72,180, FL,Milton, Pace
2009,Nico,Ranieri,3,0.8274,74,195, FL,Orlando, Dr. Phillips
2009,Jeff,Tuel,3,0.8243,74,188, CA,Fresno, Clovis West
2009,Jordan,Lynch,3,0.8212,74,205, IL,Chicago, Mount Carmel
2009,Jamal,Ramsey,3,0.8194,75,185, TN,Franklin, Battle Ground Academy
2009,Charlie,Moore,3,0.8181,75,190, TX,Bullard, Bullard
2009,Kane,Wilson,3,0.8163,76,199, CA,Placentia, El Dorado
2009,Rob,Henry,3,0.8146,74,193, FL,Ocala, Trinity Catholic
2009,Michael,Marscovetra,3,0.8113,75,183, NJ,Oakland, Indian Hills
2009,Charlie,Goro,3,0.8104,74,183, IL,Park Ridge, Maine South
2009,Austin,Collier,3,0.8083,73,188, MI,Standish, Standish-sterling Central
2009,Michael,Box,3,0.8052,75,190, GA,Suwanee, Collins Hill
2009,Austin,Dantin,3,0.8052,73,175, FL,Tallahassee, Tallahassee Leon
2009,AJ,Hill,3,0.8042,74,200, IL,Du Quoin, Duquoin
2009,Tyler,Tettleton,2,0.7889,72,188, OK,Norman, Norman North
2009,Terrence,Owens,2,0.7870,75,160, OH,Cleveland, Glenville
2009,Cody,Jackson,2,0.7667,72,200, CA,San Mateo, Junipero Serra
2009,Dante,Caro,2,0.7667,72,175, NM,Las Cruces, Las Cruces
2009,Robert,Cooper,2,0.7667,76,205, AL,Daphne, Daphne
2009,Desi,Rodriguez,2,0.7667,72,185, CA,Santa Clarita, Saugus
2009,Daryle,Hawkins,2,0.7667,76,190, NE,Omaha, Omaha Baptist Academy
2009,Jonathan,Perry,2,0.7667,75,190, MD,Baltimore, Dunbar
2009,Corey,Robinson,2,0.7000,73,190, KY,Paducah, Lone Oak
2008,Terrelle,Pryor,5,0.9996,78,233, PA,Jeannette, Jeannette
2008,EJ,Manuel,5,0.9838,77,220, VA,Virginia Beach, Bayside
2008,Matt,Scott,4,0.9000,75,195, CA,Corona, Centennial
2008,Tommy,Dorman,4,0.8959,75,205, TX,North Richland Hills, Birdville
2008,Darron,Thomas,4,0.8958,76,195, TX,Houston, Aldine
2008,Robert,Griffin,4,0.8941,74,220, TX,Copperas Cove, Copperas Cove
2008,Kody,Spano,3,0.8764,74,202, TX,Stephenville, Stephenville
2008,Jaybo,Shaw,3,0.8639,73,176, GA,Flowery Branch, Flowery Branch
2008,Seth,Doege,3,0.8608,73,200, TX,Wolfforth, Frenship
2008,Kale,Pick,3,0.8590,73,198, KS,Dodge City, Dodge City
2008,Nick,Florence,3,0.8573,73,205, TX,Garland, South Garland
2008,Jim,Youngblood,3,0.8559,74,217, AR,Camden, Camden Fairview
2008,Luther,Leonard,3,0.8510,74,190, WA,Seattle, Evergreen
2008,Ted,Stachitas,3,0.8479,73,195, FL,Ponte Vedra Beach, Nease
2008,Jerome,Tiller,3,0.8479,75,184, TX,San Antonio, Lee
2008,Ebahn,Feathers,3,0.8385,71,189, CA,Fresno, Washington Union
2008,Wayne,Warren,3,0.8385,73,197, MD,Salisbury, Wicomico
2008,Sancho,McDonald,3,0.8372,75,187, FL,Miami, Booker T. Washington
2008,Aramis,Hillary,3,0.8309,74,205, SC,Johnston, Strom Thurmond
2008,Jeremy,Phillips,3,0.8163,75,184, TX,Waller, Waller
2008,Tyler,Bass,3,0.8111,75,195, GA,Stockbridge, Stockbridge
2008,Troy,Dannehower,3,0.8111,73,213, FL,Daytona Beach, Seabreeze
2008,Riko,Smalls,3,0.8069,73,183, TX,Plano, Plano East
2008,Robert,Rowe,3,0.8021,74,186, AZ,Marana, Marana
2008,Joseph,"Ju-Ju" Clayton,2,0.7944,72,200, VA,Richmond, Hermitage
2008,Juandez,Brown,2,0.7771,75,180, OH,Cincinnati, Withrow
2008,David,Isabelle,2,0.7667,75,185, AL,Huntsville, J.O. Johnson
2008,Max,Jenkins,2,0.7667,73,184, TX,Houston, Langham Creek
2008,Robert,Fuller,2,0.7667,73,188, CA,San Bernardino, Arroyo Valley
2008,Tevin,Washington,2,0.7667,73,205, AL,Wetumpka, Wetumpka
2008,Caleb,Ter Bush,2,0.7667,77,215, IL,Metamora, Metamora
2008,Dan,Parker,2,0.7667,72,200, FL,Miami, Columbus
2008,Jonathan,Morvant,2,0.7444,73,181, LA,Lafayette, Acadiana
2008,Keldric,White,2,0.7000,75,190, FL,Pensacola, Pensacola
2008,Marquee,Williams,2,0.7000,73,186, FL,Ocala, Vanguard
2007,Tyrod,Taylor,5,0.9910,74,185, VA,Hampton, Hampton
2007,Cam,Newton,4,0.9831,77,235, GA,Atlanta, Westlake
2007,Willy,Korn,4,0.9655,74,200, SC,Duncan, Byrnes
2007,Logan,Gray,4,0.9422,74,199, MO,Columbia, Rock Bridge
2007,Kodi,Burns,4,0.9290,74,207, AR,Fort Smith, Northside
2007,Chris,Forcier,4,0.9232,75,180, CA,Carlsbad, Carlsbad
2007,Joshua,Nesbitt,4,0.9129,73,213, GA,Greensboro, Greene County
2007,Keith,Nichol,4,0.8986,74,222, MI,Lowell, Lowell 
2007,Bradley,Starks,3,0.8813,76,180, VA,Orange, Orange Co.
2007,G.J.,Kinne,3,0.8764,74,207, TX,Gilmer, Gilmer
2007,Kellen,Kiilsgaard,3,0.8750,75,215, WA,Auburn, Auburn Senior
2007,Nick,Fanuzzi,3,0.8653,75,200, TX,San Antonio, Churchill
2007,Chris,Smith,3,0.8653,75,220, OH,South Point, South Point
2007,Travaris,Cadet,3,0.8622,72,193, FL,Miami, Miami Central
2007,Rodney,Cox,3,0.8622,78,228, NC,Angier, Harnett Central
2007,Larry,Smith,3,0.8542,74,194, AL,Prattville, Prattville
2007,Joe,Chaisson,3,0.8542,74,167, TX,Westbrook, Westbrook School
2007,Ryan,Tannehill,3,0.8510,76,193, TX,Big Spring, Big Spring
2007,Torrey,Smith,3,0.8510,73,184, VA,Fredericksburg, Stafford Sr.
2007,Dan,Persa,3,0.8497,74,201, PA,Bethlehem, Liberty
2007,Chris,Johnson,3,0.8385,74,202, NJ,Paterson, John F. Kennedy
2007,Demetrius,Woods,3,0.8368,72,170, TX,Houston, Lamar
2007,Zach,Collaros,3,0.8333,73,193, OH,Steubenville, Steubenville
2007,Chazz,Anderson,3,0.8260,74,197, OH,Pickerington, Pickerington Central
2007,Russell,Wilson,3,0.8163,71,201, VA,Richmond, Collegiate School
2007,DeMarcus,Grady,3,0.8163,72,189, MI,Grand Rapids, East Grand Rapids
2007,Danny,Dembry,3,0.8149,74,175, NC,Ahoskie, Hertford County
2007,Corbin,Louks,3,0.8132,72,172, CA,Danville, San Ramon Valley
2007,A.J.,Steward,3,0.8111,76,210, MO,Saint Louis, Riverview Gardens Sr.
2007,Dominique,Davis,3,0.8111,76,185, FL,Lakeland, Kathleen
2007,Matt,Rodgers,3,0.8073,74,193, PA,Pittsburgh, Seton-La Salle
2007,T.J.,Borcky,3,0.8039,76,185, FL,Orlando, Lake Highland Prep
2007,Audie,Cole,3,0.8038,77,204, MI,Monroe, Monroe
2007,Chris,Relf,3,0.8035,75,206, AL,Montgomery, Carver 
2007,Chandler,Harnish,2,0.7889,75,210, IN,Ossian, Norwell
2007,Jason,Williams,2,0.7767,74,179, OH,Miamisburg, Miamisburg
2007,Darin,Farris,2,0.7667,73,161, MS,Petal, Petal
2007,Logan,Turner,2,0.7667,72,168, TX,Springtown, Springtown
2007,Chris,Masson,2,0.7667,73,185, FL,Miami, Columbus
2007,J.T.,Levenseller,2,0.7667,73,185, WA,Pullman, Pullman
2007,O'Ryan,Bradley,2,0.7667,74,180, NV,Las Vegas, Las Vegas
2007,Brad,McGuire,2,0.7444,74,189, FL,Gulf Breeze, Gulf Breeze
2007,Dwight,Dasher,2,0.7444,70,186, GA,Folkston, Charlton County
2007,Giorgio,Morgan,2,0.7444,76,190, GA,Atlanta, Tri-cities
2007,Diondre,Borel,2,0.7444,73,175, CA,Oakley, Freedom
2007,Nate,Brown,2,0.7222,75,224, PA,Harrisburg, Harrisburg
2007,Boone,Thorgesen,2,0.7222,72,180, IL,Maple Park, Kaneland Senior
2007,Tahree,Mcqueen,2,0.7222,69,190, NJ,Paterson, Eastside
2007,Ed,Young,2,0.7222,72,180, TX,Fort Worth, Eastern Hills
2006,Tim,Tebow,5,0.9916,75,215, FL,Ponte Vedra Beach, Ponte Vedra
2006,Jevan,Snead,4,0.9814,75,205, TX,Stephenville, Stephenville
2006,Demetrius,Jones,4,0.9771,75,195, IL,Chicago, Morgan Park
2006,Jake,Locker,4,0.9728,75,230, WA,Ferndale, Ferndale
2006,Jeremy,Ricker,4,0.9610,74,205, PA,Harrisburg, Bishop McDevitt
2006,Sherrod,Harris,3,0.8701,74,206, TX,Arlington, Bowie
2006,Thad,Lewis,3,0.8701,73,189, FL,Hialeah, Hialeah-Miami Lakes
2006,Austen,Arnaud,3,0.8670,75,200, IA,Ames, Ames
2006,Ricky,Stanzi,3,0.8639,76,193, OH,Mentor, Lake Catholic
2006,Garret,Green,3,0.8620,74,190, CA,Sherman Oaks, Notre Dame
2006,Alex,Loukas,3,0.8528,76,193, IL,Deerfield, Deerfield
2006,Nate,Davis,3,0.8510,75,215, OH,Bellaire, Bellaire
2006,Jeff,Panfil,3,0.8510,77,183, TX,Fort Worth, North Crowley
2006,Michael,Wade,3,0.8479,74,187, SC,Greer, Riverside
2006,Jared,Funk,3,0.8448,74,177, IL,Arlington Heights, St. Viator
2006,Adam,Weber,3,0.8417,74,200, MN,Saint Paul, Mounds View Senior
2006,Todd,Reesing,3,0.8385,72,180, TX,Austin, Lake Travis
2006,J.P.,Tillman,3,0.8354,75,223, TX,Cypress, Cy-Fair
2006,Turner,Wimberly,3,0.8333,74,195, NJ,Princeton, Hun School 
2006,Matt,Malouf,3,0.8333,74,211, MI,Oxford, Oxford
2006,Nathan,Costa,3,0.8292,72,191, CA,Hilmar, Hilmar
2006,Emanuel,Francis,3,0.8260,75,187, FL,Tallahassee, Amos P. Godby
2006,Dominic,Grooms,3,0.8260,73,172, FL,Tampa, Middleton
2006,Brad,Taylor,3,0.8257,75,205, TX,Madisonville, Madisonville
2006,Ross,Jenkins,3,0.8111,75,186, TX,Houston, Langham Creek
2006,Trevor,Vittatoe,3,0.8111,75,195, TX,Euless, Trinity
2006,Anthony,Norice,3,0.8083,72,172, TX,Dallas, Skyline
2006,Conner,Dixon,3,0.8000,76,174, PA,South Park, South Park
2006,Dontae,Perez,2,0.7914,71,180, CA,San Jose, Valley Christian
2006,Mike,Canfield,2,0.7889,73,214, MI,Lansing, Everett
2006,Martevious,Young,2,0.7889,73,175, AL,Alexander City, Benjamin Russell Sch
2006,Aaron,Opelt,2,0.7889,74,195, OH,Fremont, Fremont Ross
2006,Kaulin,Krebs,2,0.7889,74,175, HI,Kahuku, Kahuku
2006,Zack,Eskridge,2,0.7889,63,195, TX,Rockwall, Rockwall
2006,Roddy,Green,2,0.7708,73,190, TX,Mart, Mart
2006,Kiran,Kepo'o,2,0.7667,74,220, HI,Honolulu, Iolani School
2006,Doug,Mimms,2,0.7667,72,185, AL,Cecil, Macon-East Montgomery Academy
2006,James,Thomas,2,0.7667,70,175, TX,Missouri City, Fort Bend Marshall
2006,Salin,Simpson,2,0.7667,75,205, KY,Lexington, Henry Clay
2006,Anthony,Speight,2,0.7667,75,201, AL,Hueytown, Jess Lanier
2006,Micheal,Speciale,2,0.7667,74,200, TX,Pearland, Pearland
2006,Arron,Ward,2,0.7667,75,175, VA,Hampton, Phoebus
2006,Jamarr,Robinson,2,0.7667,72,167, NC,Charlotte, Myers Park
2006,Nate,Allen,2,0.7646,74,190, FL,Cape Coral, Cape Coral
2006,Sean,McDougal,2,0.7535,72,200, CO,Arvada, Arvada West
2006,D'Metres,Hill,2,0.7444,73,175, GA,Ellenwood, Cedar Grove
2006,Jamiah,Holder,2,0.7444,74,190, MS,Lumberton, Lumberton
2006,Emmanuel,Lewis,2,0.7444,73,177, CA,Tulare, Tulare Union
2006,Kyle,Black,2,0.7222,71,180, CO,Littleton, ThunderRidge
2006,Case,Keenum,2,0.7222,73,182, TX,Abilene, Wylie
2006,Sam,Doman,2,0.7000,76,200, OR,Canby, Canby
2006,Joshua,Boudreaux,2,0.7000,75,200, LA,New Iberia, Catholic
2006,Rod,Huggins,2,0.7000,73,185, FL,Moore Haven, Moore Haven Junior/senior
2006,Carson,Williams,2,0.7000,76,218, AL,Cullman, Cullman Sch
2006,Joshua,Cousins,2,0.7000,73,190, OH,Xenia, Xenia
2005,Ryan,Perrilloux,5,0.9968,74,205, LA,Reserve, East St. John
2005,Jake,Christensen,4,0.9647,73,200, IL,Lockport, Lockport Township Sch East
2005,Josh,Portis,4,0.9501,75,200, CA,Woodland Hills, Taft 
2005,Ike,Whitaker,4,0.9222,77,198, MD,Germantown, Northwest
2005,Kyle,Reed,4,0.9000,74,194, CA,Oakland, McClymonds
2005,Jimmy,Johns,3,0.8778,74,230, MS,Brookhaven, Brookhaven
2005,Cameron,Sexton,3,0.8778,73,171, NC,Laurinburg, Scotland County
2005,Chase,Daniel,3,0.8778,73,214, TX,Southlake, Southlake Carroll
2005,Marcus,Jones,3,0.8556,77,218, GA,Dalton, Southeast Whitfield County
2005,Zac,Robinson,3,0.8556,74,178, CO,Littleton, Chatfield
2005,Jason,Forcier,3,0.8556,74,205, CA,San Diego, St Augustine
2005,Kerry,Meier,3,0.8556,75,203, KS,Pittsburg, Pittsburg
2005,Osaar,Rasshan,3,0.8556,76,190, CA,Pomona, Garey Senior
2005,Jarrett,Brown,3,0.8556,75,192, FL,West Palm Beach, Palm Beach Lakes
2005,Kevin,Lopina,3,0.8556,74,198, CA,Concord, De La Salle
2005,Jamie,McCoy,3,0.8556,75,197, TX,Midland, Lee
2005,Jared,Prince,3,0.8333,74,189, WA,Poulsbo, North Kitsap
2005,Matt,Grothe,3,0.8333,73,190, FL,Lakeland, Lake Gibson
2005,Mike,Kafka,3,0.8333,75,190, IL,Chicago, St. Rita
2005,Jabulani,Lovelace,3,0.8333,74,190, NJ,Tenafly, Tenafly
2005,David,Ramirez,3,0.8333,74,200, TX,Arlington, Grace Preparatory Academy
2005,Eric,Peterman,3,0.8333,73,199, IL,Springfield, Sacred Heart Griffin
2005,Justin,Willis,3,0.8333,73,197, TX,Denton, Ryan
2005,Paul,Blalock,3,0.8333,72,190, IL,Aurora, Waubonsie Valley
2005,Nate,Sowers,3,0.8333,73,195, WV,Martinsburg, Martinsburg
2005,Mackenzi,Adams,3,0.8333,74,183, OK,Tulsa, Union
2005,Jameel,Sewell,3,0.8333,75,196, VA,Richmond, Hermitage
2005,Casey,Dick,3,0.8111,73,196, TX,Allen, Allen
2005,Sean,Price,3,0.8111,74,175, IL,Park Ridge, Maine South
2005,Zack,Asack,3,0.8111,76,180, MA,Westwood, Xaverian Brothers
2005,Joe,Webb,3,0.8111,75,190, AL,Birmingham, Wenonah Sch
2005,Tray,Rutland,3,0.8111,75,191, GA,Atlanta, Tri-cities
2005,Marcus,Jackson,3,0.8111,73,195, TX,Houston, Westside
2005,Darryl,Clark,3,0.8000,74,195, PA,Saltsburg, The Kiski School
2005,Clint,Walraven,2,0.7889,72,185, TX,Alvarado, Alvarado
2005,Grant,Stucker,2,0.7889,74,185, CO,Parker, Ponderosa
2005,Mack,Brown,2,0.7889,75,205, KS,Mission, Shawnee Mission North
2005,Freddie,Barnes,2,0.7889,74,190, IL,Flossmoor, Homewood-Flossmoor
2005,Eric,Johnson,2,0.7889,70,156, TX,Plano, Plano West
2005,Travis,Dixon,2,0.7667,74,185, AZ,Chandler, Hamilton
2005,Lee,Sweeney,2,0.7667,76,215, TN,Lebanon, Friendship Christian
2005,John,Shepherd,2,0.7667,73,180, AR,El Dorado, El Dorado
2005,Chris,Wright,2,0.7667,71,164, OH,Middletown, Middletown
2005,Corey,Leonard,2,0.7667,72,185, LA,Covington, Covington
2005,Korey,Washington,2,0.7667,71,181, TX,Cedar Park, Cedar Park
2005,Andrew,Lair,2,0.7667,74,190, LA,New Orleans, Brother Martin
2005,Brock,Landry,2,0.7667,74,195, LA,Patterson, Patterson
2005,Corey,Everson,2,0.7222,71,185, MI,Detroit, Mumford
2005,Brett,Shrable,2,0.7222,75,230, AR,Hoxie, Hoxie
2005,Dennis,Brown,2,0.7222,75,175, FL,Miami, Miami Central
2005,Dominick,Goodman,2,0.7222,74,190, OH,Cincinnati, Colerain
2005,Marquel,Neasman,2,0.7222,71,190, FL,Bradenton, Southeast
2005,Chris,Jacquemain,2,0.7000,74,200, OH,Mentor, Mentor
2005,Dontayo,Gage,2,0.7000,72,180, MI,Pontiac, Pontiac Northern
2005,Jerod,Walker,2,0.7000,72,185, TX,Houston, Jersey Village
2005,Darrell,McNeal,2,0.7000,71,195, LA,Monroe, Neville
2005,Jon,Brown,2,0.7000,70,180, OH,Westlake, Westlake
2005,Duane,Brooks,2,0.7000,69,157, TX,Irving, MacArthur
2004,Xavier,Lee,5,0.9964,76,200, FL,Daytona Beach, Seabreeze
2004,Matt,Tuiasosopo,5,0.9890,74,200, WA,Woodinville, Woodinville
2004,Bobby,Reid,5,0.9845,75,225, TX,Houston, North Shore
2004,Chase,Patton,4,0.9727,76,205, MO,Columbia, Rock Bridge
2004,Nick,Patton,4,0.9614,75,205, KS,Winfield, Winfield
2004,Kirby,Freeman,4,0.9440,75,190, TX,Brownwood, Brownwood
2004,Robbie,Reid,4,0.9222,75,224, TX,Houston, North Shore
2004,Rocky,Hinds,4,0.9000,77,225, CA,Playa Del Rey, St. Bernard
2004,Darrell,Jackson,3,0.8778,74,215, MO,Saint Louis, Webster Groves
2004,Jordan,Steffy,3,0.8778,74,210, PA,Lancaster, Conestoga Valley
2004,Ryan,Walters,3,0.8556,72,195, CO,Aurora, Grandview
2004,Jordan,Chambless,3,0.8556,74,200, TX,Corpus Christi, Calallen
2004,D.T.,McDowell,3,0.8556,73,190, GA,Tucker, Tucker
2004,C.J.,Bacher,3,0.8556,74,180, CA,Carmichael, Jesuit
2004,Tribble,Reese,3,0.8556,75,190, AL,Birmingham, Mountain Brook
2004,Darren,Mougey,3,0.8333,76,215, AZ,Scottsdale, Chaparral
2004,Britt,Davis,3,0.8333,75,185, IL,Riverside, Riverside Brookfield
2004,Marcus,Herford,3,0.8333,75,205, TX,Cedar Hill, Cedar Hill
2004,Allan,Evridge,3,0.8333,73,205, NE,Papillion, Papillion-La Vista
2004,Daryll,Clark,3,0.8333,75,190, OH,Youngstown, Ursuline
2004,John,Carlson,3,0.8333,74,200, MN,Hopkins, Hopkins 
2004,Cory,Holt,3,0.8333,77,210, NC,Lexington, Davidson Early College
2004,Andre,Sloan El,3,0.8111,75,190, PA,Philadelphia, Irvington
2004,Alex,Engram,3,0.8111,72,205, OH,Warren, Warren G Harding
2004,Tony,Mortensen,3,0.8111,76,215, MN,Hutchinson, Hutchinson Senior
2004,Joe,Ganz,2,0.7889,75,190, IL,Palos Hills, Amos Alonzo Stagg
2004,Earnest,Jackson,2,0.7778,75,188, MI,Franklin, Detroit Country Day
2004,Tyler,Jones,2,0.7667,74,185, MI,Belleville, Belleville
2004,Darrin,Bragg,2,0.7667,73,190, CA,San Jose, Bellarmine Prep
2004,Chris,Carr,2,0.7667,75,190, FL,Fort Lauderdale, St. Thomas Aquinas
2004,Adam,DiMichele,2,0.7667,73,170, PA,Mckees Rocks, Sto-Rox
2004,Warren,Suess,2,0.7667,76,190, IA,Cedar Rapids, George Washington
2004,Kendal,Briles,2,0.7667,71,195, TX,Lubbock, Lubbock
2004,Billy,Garza,2,0.7667,74,210, TX,Brownsville, Porter
2004,Kurt,Shoemaker,2,0.7667,75,195, OH,Cincinnati, Anderson
2004,Kisan,Flakes,2,0.7667,72,190, GA,Hampton, Lovejoy
2004,Demone,Goins,2,0.7667,77,205, MS,Lumberton, Lumberton
2004,Joe,Craddock,2,0.7667,71,180, AL,Birmingham, Briarwood Christian
2004,Ryne,Miller,2,0.7667,74,220, TX,North Richland Hills, Richland
2004,Chauncey,Duckett,2,0.7556,75,185, CO,Colorado Springs, Wasson
2004,Jason,Phillips,2,0.7444,71,185, TX,Waller, Waller
2004,David,Wess,2,0.7444,74,195, OH,Columbus, Whitehall Yearling
2004,Michael,Desormeaux,2,0.7444,74,190, LA,New Iberia, Catholic
2004,D.J.,Hernandez,2,0.7444,74,190, CT,Bristol, Bristol Central
2004,Tye,Rexrode,2,0.7444,75,205, TX,Comfort, Comfort
2004,Kevin,Craft,2,0.7444,76,180, CA,Valley Center, Valley Center
2004,Kyle,Haubold,2,0.7222,75,195, TX,Arlington, Arlington
2004,Kyle,Manley,2,0.7222,75,185, GA,Buford, Buford
2004,Sean,Norton,2,0.7222,71,185, CA,Newhall, Hart
2004,Jake,Flaherty,2,0.7222,74,186, RI,Wakefield, South Kingstown
2004,Kevin,Suhey,2,0.7000,74,195, PA,State College, State College Area
2004,Grant,Gregory,2,0.7000,74,200, OH,The Plains, Athens
2003,Robert,Lane,5,0.9876,75,210, LA,Monroe, Neville
2003,Dennis,Dixon,4,0.9757,76,180, CA,San Leandro, San Leandro
2003,Marcus,Stone,4,0.9333,76,230, PA,Harrisburg, Bishop McDevitt
2003,Tommy,Zbikowski,4,0.9331,73,190, IL,Buffalo Grove, Buffalo Grove
2003,Syvelle,Newton,4,0.9319,74,210, SC,Bennettsville, Marlboro County
2003,Omarr,Conner,4,0.9000,74,190, MS,Macon, Noxubee County
2003,Bernard,Jackson,3,0.8667,74,190, CA,Corona, Santiago
2003,James,Battle,3,0.8667,74,195, TX,Denton, Ryan
2003,Tyler,Donovan,3,0.8667,73,185, WI,Hartland, Arrowhead
2003,Chris,Phillips,3,0.8333,75,220, TX,Dallas, Bishop Lynch
2003,Brad,Bower,3,0.8333,74,195, IL,Hinsdale, Hinsdale Central
2003,Eddie,Miller,3,0.8333,73,193, CA,Los Angeles, Animo Venice Charter
2003,Patrick,Carter,3,0.8333,74,185, FL,Saint Petersburg, Lakewood
2003,Al,Pena,3,0.8333,75,205, TX,Leander, Leander
2003,Kevin,Kolb,3,0.8333,75,215, TX,Stephenville, Stephenville
2003,Reggie,Ball,3,0.8333,73,185, GA,Stone Mountain, Stephenson
2003,Dajuan,Warren,3,0.8333,75,185, MI,Southfield, Southfield
2003,Joe,Dailey,3,0.8333,72,202, NJ,Jersey City, St. Peters Prep
2003,Kelcy,Luke,3,0.8333,73,196, AL,Phenix City, Central
2003,Benjy,Kennedy,3,0.8000,73,190, IL,Morris, Morris Community
2003,Bret,Meyer,3,0.8000,75,180, IA,Atlantic, Atlantic
2003,Andre,Brown,3,0.8000,73,205, IL,Bloomington, Bloomington
2003,Jake,Tompkins,3,0.8000,74,206, AL,Russellville, Russellville 
2003,Mike,Rathe,3,0.8000,74,210, CA,La Mesa, La Mesa Christian School
2003,Eric,McCollom,3,0.8000,72,170, SC,Camden, Camden
2003,Tye,Butler,3,0.8000,74,195, TX,Big Spring, Big Spring
2003,Joel,Armstrong,3,0.8000,72,170, TX,Longview, Longview
2003,Dwain,Banister,2,0.7667,73,205, LA,Marrero, John Ehret
2003,Terrance,Shawell,2,0.7667,76,190, PA,Pottstown, Pottstown
2003,J.B.,Garris,2,0.7667,74,185, FL,Gibsonton, East Bay
2003,Franco,Johnson,2,0.7667,73,200, GA,Brunswick, Glynn Academy
2003,Jon,Fulton,2,0.7667,75,200, VA,Danville, George Washington
2003,Brian,Nooy,2,0.7667,76,190, OR,Pendleton, Pendleton
2003,Zach,Weidenaar,2,0.7667,74,198, MT,Wise River, Bozeman
2003,Mike,Altieri,2,0.7667,73,180, CA,Vista, Vista
2003,Pierre,Parker,2,0.7667,73,195, NC,Wilson, Beddingfield
2003,Adam,Bednarik,2,0.7667,75,205, PA,Bethlehem, Bethlehem Catholic
2003,Taylor,Tharp,2,0.7667,73,200, CO,Boulder, Fairview
2003,Zach,Ullrich,2,0.7667,73,180, IL,Wheaton, Wheaton North
2003,Kevin,Norris,2,0.7667,75,185, MI,Detroit, Martin Luther King
2003,Joey,Mendoza,2,0.7667,72,185, FL,Jupiter, Jupiter
2003,Jack,Rolovich,2,0.7667,75,207, CA,Novato, San Marin
2003,Brian,Bonner,2,0.7667,75,195, TX,Beeville, Jones
2003,Olajuwon,Cooper,2,0.7667,76,210, OH,Ashtabula, Lakeside
2003,Chris,Bodishbaugh,2,0.7667,75,190, CA,Oakley, Freedom
2003,Austen,Everson,2,0.7667,74,210, TN,Brentwood, Brentwood
2003,Troy,Goss,2,0.7667,74,185, NC,Lawndale, Burns
2003,Andrew,Locke,2,0.7667,71,170, TX,Houston, St. Thomas
2003,Mike,Kokal,2,0.7667,74,175, OH,Warren, Warren G Harding
2002,Vince,Young,5,1.0000,77,200, TX,Houston, Madison
2002,Marcus,Vick,5,0.9910,72,185, VA,Newport News, Warwick
2002,James,Banks,5,0.9878,75,195, IN,Indianapolis, Ben Davis
2002,Gavin,Dickey,4,0.9821,72,190, FL,Tallahassee, Lincoln
2002,Tyler,Palko,4,0.9408,74,205, PA,Imperial, West Allegheny
2002,Lester,Ricard,4,0.9367,76,195, LA,Amite, Amite
2002,Isaiah,Stanback,4,0.9307,75,190, WA,Seattle, Garfield
2002,Troy,Smith,4,0.9000,73,200, OH,Cleveland, Glenville
2002,Sam,Williams,4,0.9000,75,185, SC,Greenwood, Greenwood
2002,Cedric,Washington,4,0.9000,72,183, TX,Bryan, Bryan
2002,Anthony,Johnson,4,0.9000,70,188, SC,Duncan, Byrnes
2002,Aryhel,Freeman,3,0.8667,74,200, GA,Atlanta, Tri-cities
2002,Ryan,O'Hara,3,0.8667,78,193, CA,Pasadena, John Muir
2002,Curt,Dukes,3,0.8667,74,210, NC,Newton, Newton-conover
2002,Allen,Webb,3,0.8333,75,190, CO,Littleton, Chatfield
2002,Joel,Statham,3,0.8333,75,195, GA,Chatsworth, Murray County
2002,Aries,Nelson,3,0.8333,75,200, MS,Cleveland, East Side
2002,Maurice,Avery,3,0.8333,73,190, GA,Atlanta, McNair
2002,Dominique,Richmond,3,0.8333,74,185, MD,Hagerstown, South Hagerstown Sr
2002,Josh,Hibbets,3,0.8333,75,190, OK,Enid, Enid
2002,Nick,Reid,3,0.8333,76,197, KS,Derby, Derby
2002,Nick,Cannon,3,0.8333,75,198, LA,Boutte, Hahnville
2002,Josh,Harris,3,0.8333,75,180, SC,Union, Union
2002,Chris,Pazan,3,0.8000,74,205, IL,Oak Lawn, Brother Rice
2002,Joseph,Ferguson,3,0.8000,73,182, MO,Kansas City, The Pembroke Hill School
2002,David,Overstreet,3,0.8000,74,180, TX,Dallas, W W Samuell
2002,James,Cox,3,0.8000,75,185, CA,Simi Valley, Royal
2002,Brandon,Avalos,3,0.8000,74,185, AL,Tuscaloosa, Hillcrest
2002,Steven,Bright,3,0.8000,76,205, SC,Greer, Riverside
2002,Kellen,Bradley,3,0.8000,75,175, AZ,Scottsdale, Saguaro
2002,Kris,Clark,2,0.7667,71,185, SC,Lexington, Lexington 
2002,Dwayne,Thompson,2,0.7667,74,180, FL,Miami, Killian
2002,Evan,Kraky,2,0.7667,75,195, PA,Jermyn, Lakeland
2002,Mario,Harris,2,0.7667,74,185, MI,Flint, Northern Commencement Academy
2002,Jean,Julmiste,2,0.7667,73,195, FL,Hollywood, Miramar
2002,Brett,Morgan,2,0.7667,72,185, MS,Vicksburg, Warren Central
2002,Roderick,Stevens,2,0.7667,75,200, PA,Schellsburg, Shanksville-Stonycreek
2002,Bennett,Swygert,2,0.7667,75,195, SC,Summerville, Summerville
2002,Scott,Carpino,2,0.7667,71,183, AR,Paragould, Paragould
2002,Patrick,Byrne,2,0.7667,73,185, AL,Brewton, Tr Miller Sch
2002,Curtis,Falany,2,0.7667,73,180, AL,Birmingham, Vestavia Hills
2002,Joseph,Hogan,2,0.7667,75,185, OK,Sallisaw, Sallisaw
2002,Alex,Smith,2,0.7667,75,190, CA,La Mesa, Helix
2002,Chris,Williams,2,0.7667,71,190, LA,Walker, Walker
2002,Jared,Zabransky,2,0.7667,74,185, OR,Hermiston, Hermiston
2001,D.J.,Shockley,5,0.9926,74,185, GA,Atlanta, North Clayton
2001,Cecil,Howard,5,0.9920,73,195, PA,Mckeesport, McKeesport
2001,Adrian,McPherson,4,0.9807,75,178, FL,Bradenton, Southeast
2001,Bryan,Randall,4,0.9679,74,200, VA,Williamsburg, Bruton
2001,Michael,Robinson,4,0.9663,74,210, VA,Richmond, Varina
2001,Nic,Costa,4,0.9610,71,190, OR,Beaverton, Aloha
